tahun,kode_provinsi,nama_provinsi,luas_panen,produktivitas,produksi,latitude,longitude
1993,1100,Prov. Nanggroe Aceh Darussalam,16756,11.37,19056,5.55,95.31667
1993,1200,Prov. Sumatera Utara,24607,10.08,24801,3.583333,98.66666
1993,1300,Prov. Sumatera Barat,7229,9.54,6894,-0.95,100.3531
1993,1400,Prov. Riau,3656,10.39,3799,0.4816667,101.4686
1993,1500,Prov. Jambi,3131,10.88,3405,-1.589167,103.61
1993,1600,Prov. Sumatera Selatan,18199,10.36,18854,-2.990833,104.7567
1993,1700,Prov. Bengkulu,8770,9.8,8594,-3.795556,102.2592
1993,1800,Prov. Lampung,10820,11.2,12123,-5.429722,105.2625
1993,1900,Prov. Kepulauan Bangka Belitung,0,0,0,-2.1,106.1
1993,2100,Prov. Kepulauan Riau,0,0,0,1.083333,104.4833
1993,3100,Prov. DKI Jakarta,27,10.37,28,-6.183333,106.8333
1993,3200,Prov. Jawa Barat,89306,10.95,97780,-6.914722,107.6097
1993,3300,Prov. Jawa Tengah,113920,10.33,117692,-6.966667,110.4167
1993,3400,Prov. D I Yogyakarta,36106,8.52,30762,-7.801389,110.3644
1993,3500,Prov. Jawa Timur,156080,10.18,158958,-7.266667,112.7167
1993,3600,Prov. Banten,0,0,0,-6.12,106.1503
1993,5100,Prov. Bali,11870,11.74,13936,-8.65,115.2167
1993,5200,Prov. Nusa Tenggara Barat,19920,11.12,22153,-8.583333,116.1167
1993,5300,Prov. Nusa Tenggara Timur,7424,8.46,6284,-10.18333,123.5833
1993,6100,Prov. Kalimantan Barat,2388,7.81,1865,-0.0166667,109.3333
1993,6200,Prov. Kalimantan Tengah,994,11.12,1105,-2.21,113.92
1993,6300,Prov. Kalimantan Selatan,14311,8.85,12671,-3.314444,114.5925
1993,6400,Prov. Kalimantan Timur,3406,9.78,3330,-0.5022222,117.1536
1993,7100,Prov. Sulawesi Utara,4932,9.51,4690,1.493056,124.8414
1993,7200,Prov. Sulawesi Tengah,5029,8.53,4289,-0.9,119.8333
1993,7300,Prov. Sulawesi Selatan,48387,10.13,49036,-5.133333,119.4167
1993,7400,Prov. Sulawesi Tenggara,5255,8.84,4645,-3.9675,122.5947
1993,7500,Prov. Gorontalo,0,0,0,0.5333334,123.0667
1993,7600,Prov. Sulawesi Barat,0,0,0,-2.668611,118.8622
1993,8100,Prov. Maluku,5037,11.27,5677,-3.7,128.1667
1993,8200,Prov. Maluku Utara,0,0,0,0.7833334,127.3667
1993,9100,Prov. Papua Barat,0,0,0,-0.8666667,134.0833
1993,9400,Prov. Papua,3528,9.37,3304,-2.533056,140.7169
1994,1100,Prov. Nanggroe Aceh Darussalam,18939,12.34,23380,5.55,95.31667
1994,1200,Prov. Sumatera Utara,27556,10.21,28134,3.583333,98.66666
1994,1300,Prov. Sumatera Barat,9649,9.87,9523,-0.95,100.3531
1994,1400,Prov. Riau,5030,9.06,4556,0.4816667,101.4686
1994,1500,Prov. Jambi,3270,8.13,2658,-1.589167,103.61
1994,1600,Prov. Sumatera Selatan,10490,9.84,10322,-2.990833,104.7567
1994,1700,Prov. Bengkulu,8002,8.57,6861,-3.795556,102.2592
1994,1800,Prov. Lampung,9801,10.5,10294,-5.429722,105.2625
1994,1900,Prov. Kepulauan Bangka Belitung,0,0,0,-2.1,106.1
1994,2100,Prov. Kepulauan Riau,0,0,0,1.083333,104.4833
1994,3100,Prov. DKI Jakarta,7,10,7,-6.183333,106.8333
1994,3200,Prov. Jawa Barat,89327,11,98286,-6.914722,107.6097
1994,3300,Prov. Jawa Tengah,111738,10.08,112658,-6.966667,110.4167
1994,3400,Prov. D I Yogyakarta,46224,8.03,37118,-7.801389,110.3644
1994,3500,Prov. Jawa Timur,148737,9.37,139405,-7.266667,112.7167
1994,3600,Prov. Banten,0,0,0,-6.12,106.1503
1994,5100,Prov. Bali,13515,10.58,14300,-8.65,115.2167
1994,5200,Prov. Nusa Tenggara Barat,22553,10.68,24077,-8.583333,116.1167
1994,5300,Prov. Nusa Tenggara Timur,9805,6.3,6180,-10.18333,123.5833
1994,6100,Prov. Kalimantan Barat,2549,8.71,2219,-0.0166667,109.3333
1994,6200,Prov. Kalimantan Tengah,1070,9.36,1001,-2.21,113.92
1994,6300,Prov. Kalimantan Selatan,14529,9.36,13595,-3.314444,114.5925
1994,6400,Prov. Kalimantan Timur,3321,8.74,2903,-0.5022222,117.1536
1994,7100,Prov. Sulawesi Utara,7611,9.85,7494,1.493056,124.8414
1994,7200,Prov. Sulawesi Tengah,7781,8.41,6547,-0.9,119.8333
1994,7300,Prov. Sulawesi Selatan,54031,9.86,53249,-5.133333,119.4167
1994,7400,Prov. Sulawesi Tenggara,5699,9.42,5370,-3.9675,122.5947
1994,7500,Prov. Gorontalo,0,0,0,0.5333334,123.0667
1994,7600,Prov. Sulawesi Barat,0,0,0,-2.668611,118.8622
1994,8100,Prov. Maluku,3832,11.09,4250,-3.7,128.1667
1994,8200,Prov. Maluku Utara,0,0,0,0.7833334,127.3667
1994,9100,Prov. Papua Barat,0,0,0,-0.8666667,134.0833
1994,9400,Prov. Papua,3225,9.24,2980,-2.533056,140.7169
1995,1100,Prov. Nanggroe Aceh Darussalam,30601,10.63,32517,5.55,95.31667
1995,1200,Prov. Sumatera Utara,31751,10.11,32115,3.583333,98.66666
1995,1300,Prov. Sumatera Barat,10315,9.54,9842,-0.95,100.3531
1995,1400,Prov. Riau,4579,9.51,4354,0.4816667,101.4686
1995,1500,Prov. Jambi,3673,11.03,4053,-1.589167,103.61
1995,1600,Prov. Sumatera Selatan,15176,11.79,17897,-2.990833,104.7567
1995,1700,Prov. Bengkulu,9616,9.28,8920,-3.795556,102.2592
1995,1800,Prov. Lampung,16947,12.08,20470,-5.429722,105.2625
1995,1900,Prov. Kepulauan Bangka Belitung,0,0,0,-2.1,106.1
1995,2100,Prov. Kepulauan Riau,0,0,0,1.083333,104.4833
1995,3100,Prov. DKI Jakarta,8,10,8,-6.183333,106.8333
1995,3200,Prov. Jawa Barat,105145,11.17,117408,-6.914722,107.6097
1995,3300,Prov. Jawa Tengah,129970,10.53,136847,-6.966667,110.4167
1995,3400,Prov. D I Yogyakarta,42384,8.46,35869,-7.801389,110.3644
1995,3500,Prov. Jawa Timur,150585,9.64,145104,-7.266667,112.7167
1995,3600,Prov. Banten,0,0,0,-6.12,106.1503
1995,5100,Prov. Bali,14263,10.86,15490,-8.65,115.2167
1995,5200,Prov. Nusa Tenggara Barat,24540,10.48,25709,-8.583333,116.1167
1995,5300,Prov. Nusa Tenggara Timur,10543,8.48,8938,-10.18333,123.5833
1995,6100,Prov. Kalimantan Barat,2629,8.35,2196,-0.0166667,109.3333
1995,6200,Prov. Kalimantan Tengah,1367,11.61,1587,-2.21,113.92
1995,6300,Prov. Kalimantan Selatan,19254,10.42,20069,-3.314444,114.5925
1995,6400,Prov. Kalimantan Timur,4627,9.01,4169,-0.5022222,117.1536
1995,7100,Prov. Sulawesi Utara,8045,9.95,8004,1.493056,124.8414
1995,7200,Prov. Sulawesi Tengah,7590,8.49,6444,-0.9,119.8333
1995,7300,Prov. Sulawesi Selatan,77837,11.08,86258,-5.133333,119.4167
1995,7400,Prov. Sulawesi Tenggara,5843,6.72,3927,-3.9675,122.5947
1995,7500,Prov. Gorontalo,0,0,0,0.5333334,123.0667
1995,7600,Prov. Sulawesi Barat,0,0,0,-2.668611,118.8622
1995,8100,Prov. Maluku,3838,11.53,4425,-3.7,128.1667
1995,8200,Prov. Maluku Utara,0,0,0,0.7833334,127.3667
1995,9100,Prov. Papua Barat,0,0,0,-0.8666667,134.0833
1995,9400,Prov. Papua,4334,8.58,3717,-2.533056,140.7169
1996,1100,Prov. Nanggroe Aceh Darussalam,19704,11.49,22639,5.55,95.31667
1996,1200,Prov. Sumatera Utara,29465,10.29,30330,3.583333,98.66666
1996,1300,Prov. Sumatera Barat,10028,10.67,10702,-0.95,100.3531
1996,1400,Prov. Riau,4127,9.26,3820,0.4816667,101.4686
1996,1500,Prov. Jambi,3021,11.26,3403,-1.589167,103.61
1996,1600,Prov. Sumatera Selatan,14922,11.68,17435,-2.990833,104.7567
1996,1700,Prov. Bengkulu,9221,9.48,8740,-3.795556,102.2592
1996,1800,Prov. Lampung,14524,11.23,16314,-5.429722,105.2625
1996,1900,Prov. Kepulauan Bangka Belitung,0,0,0,-2.1,106.1
1996,2100,Prov. Kepulauan Riau,0,0,0,1.083333,104.4833
1996,3100,Prov. DKI Jakarta,12,10,12,-6.183333,106.8333
1996,3200,Prov. Jawa Barat,93055,11.4,106128,-6.914722,107.6097
1996,3300,Prov. Jawa Tengah,125226,10.7,133943,-6.966667,110.4167
1996,3400,Prov. D I Yogyakarta,52133,9.37,48866,-7.801389,110.3644
1996,3500,Prov. Jawa Timur,151191,10.68,161448,-7.266667,112.7167
1996,3600,Prov. Banten,0,0,0,-6.12,106.1503
1996,5100,Prov. Bali,14016,11.36,15923,-8.65,115.2167
1996,5200,Prov. Nusa Tenggara Barat,24722,10.62,26257,-8.583333,116.1167
1996,5300,Prov. Nusa Tenggara Timur,10914,9.31,10164,-10.18333,123.5833
1996,6100,Prov. Kalimantan Barat,2471,9.04,2235,-0.0166667,109.3333
1996,6200,Prov. Kalimantan Tengah,1371,9.03,1238,-2.21,113.92
1996,6300,Prov. Kalimantan Selatan,18620,10.97,20426,-3.314444,114.5925
1996,6400,Prov. Kalimantan Timur,3326,9.82,3265,-0.5022222,117.1536
1996,7100,Prov. Sulawesi Utara,10318,10.94,11285,1.493056,124.8414
1996,7200,Prov. Sulawesi Tengah,6642,9.56,6351,-0.9,119.8333
1996,7300,Prov. Sulawesi Selatan,54231,11.61,62977,-5.133333,119.4167
1996,7400,Prov. Sulawesi Tenggara,5992,7.22,4325,-3.9675,122.5947
1996,7500,Prov. Gorontalo,0,0,0,0.5333334,123.0667
1996,7600,Prov. Sulawesi Barat,0,0,0,-2.668611,118.8622
1996,8100,Prov. Maluku,2697,11.26,3037,-3.7,128.1667
1996,8200,Prov. Maluku Utara,0,0,0,0.7833334,127.3667
1996,9100,Prov. Papua Barat,0,0,0,-0.8666667,134.0833
1996,9400,Prov. Papua,3756,8.56,3217,-2.533056,140.7169
1997,1100,Prov. Nanggroe Aceh Darussalam,16936,11.98,20288,5.55,95.31667
1997,1200,Prov. Sumatera Utara,30191,10.33,31188,3.583333,98.66666
1997,1300,Prov. Sumatera Barat,9331,10.74,10021,-0.95,100.3531
1997,1400,Prov. Riau,3246,9.69,3144,0.4816667,101.4686
1997,1500,Prov. Jambi,2182,11.32,2469,-1.589167,103.61
1997,1600,Prov. Sumatera Selatan,11351,11.13,12630,-2.990833,104.7567
1997,1700,Prov. Bengkulu,9522,9.68,9215,-3.795556,102.2592
1997,1800,Prov. Lampung,8542,11.78,10061,-5.429722,105.2625
1997,1900,Prov. Kepulauan Bangka Belitung,0,0,0,-2.1,106.1
1997,2100,Prov. Kepulauan Riau,0,0,0,1.083333,104.4833
1997,3100,Prov. DKI Jakarta,6,10,6,-6.183333,106.8333
1997,3200,Prov. Jawa Barat,86289,11.66,100626,-6.914722,107.6097
1997,3300,Prov. Jawa Tengah,118290,11.22,132751,-6.966667,110.4167
1997,3400,Prov. D I Yogyakarta,48647,9.97,48520,-7.801389,110.3644
1997,3500,Prov. Jawa Timur,147095,10.78,158626,-7.266667,112.7167
1997,3600,Prov. Banten,0,0,0,-6.12,106.1503
1997,5100,Prov. Bali,15510,12.28,19052,-8.65,115.2167
1997,5200,Prov. Nusa Tenggara Barat,23327,10.88,25376,-8.583333,116.1167
1997,5300,Prov. Nusa Tenggara Timur,10685,9.41,10054,-10.18333,123.5833
1997,6100,Prov. Kalimantan Barat,2262,9.23,2087,-0.0166667,109.3333
1997,6200,Prov. Kalimantan Tengah,1807,9.3,1680,-2.21,113.92
1997,6300,Prov. Kalimantan Selatan,17210,11.13,19162,-3.314444,114.5925
1997,6400,Prov. Kalimantan Timur,2607,10.59,2761,-0.5022222,117.1536
1997,7100,Prov. Sulawesi Utara,7254,10.49,7608,1.493056,124.8414
1997,7200,Prov. Sulawesi Tengah,5602,9.94,5569,-0.9,119.8333
1997,7300,Prov. Sulawesi Selatan,34914,11.82,41256,-5.133333,119.4167
1997,7400,Prov. Sulawesi Tenggara,5861,8.01,4697,-3.9675,122.5947
1997,7500,Prov. Gorontalo,0,0,0,0.5333334,123.0667
1997,7600,Prov. Sulawesi Barat,0,0,0,-2.668611,118.8622
1997,8100,Prov. Maluku,2717,11.06,3005,-3.7,128.1667
1997,8200,Prov. Maluku Utara,0,0,0,0.7833334,127.3667
1997,9100,Prov. Papua Barat,0,0,0,-0.8666667,134.0833
1997,9400,Prov. Papua,3506,9.1,3191,-2.533056,140.7169
1998,1100,Prov. Nanggroe Aceh Darussalam,8091,11.76,9513,5.55,95.31667
1998,1200,Prov. Sumatera Utara,24907,10.45,26037,3.583333,98.66666
1998,1300,Prov. Sumatera Barat,8364,10.53,8804,-0.95,100.3531
1998,1400,Prov. Riau,4656,9.38,4366,0.4816667,101.4686
1998,1500,Prov. Jambi,4514,10.51,4742,-1.589167,103.61
1998,1600,Prov. Sumatera Selatan,8489,11.1,9424,-2.990833,104.7567
1998,1700,Prov. Bengkulu,8147,9.6,7824,-3.795556,102.2592
1998,1800,Prov. Lampung,12390,10.5,13007,-5.429722,105.2625
1998,1900,Prov. Kepulauan Bangka Belitung,0,0,0,-2.1,106.1
1998,2100,Prov. Kepulauan Riau,0,0,0,1.083333,104.4833
1998,3100,Prov. DKI Jakarta,19,10,19,-6.183333,106.8333
1998,3200,Prov. Jawa Barat,92715,11.23,104141,-6.914722,107.6097
1998,3300,Prov. Jawa Tengah,133617,10.91,145830,-6.966667,110.4167
1998,3400,Prov. D I Yogyakarta,49354,8.78,43357,-7.801389,110.3644
1998,3500,Prov. Jawa Timur,147427,10.36,152716,-7.266667,112.7167
1998,3600,Prov. Banten,0,0,0,-6.12,106.1503
1998,5100,Prov. Bali,15954,12.8,20414,-8.65,115.2167
1998,5200,Prov. Nusa Tenggara Barat,22175,10.8,23941,-8.583333,116.1167
1998,5300,Prov. Nusa Tenggara Timur,9980,9.82,9797,-10.18333,123.5833
1998,6100,Prov. Kalimantan Barat,1701,9.32,1586,-0.0166667,109.3333
1998,6200,Prov. Kalimantan Tengah,2035,10.06,2048,-2.21,113.92
1998,6300,Prov. Kalimantan Selatan,18145,11.54,20943,-3.314444,114.5925
1998,6400,Prov. Kalimantan Timur,2546,10.32,2627,-0.5022222,117.1536
1998,7100,Prov. Sulawesi Utara,5607,11.07,6209,1.493056,124.8414
1998,7200,Prov. Sulawesi Tengah,4005,10.02,4013,-0.9,119.8333
1998,7300,Prov. Sulawesi Selatan,46802,11.51,53847,-5.133333,119.4167
1998,7400,Prov. Sulawesi Tenggara,8647,7.64,6605,-3.9675,122.5947
1998,7500,Prov. Gorontalo,0,0,0,0.5333334,123.0667
1998,7600,Prov. Sulawesi Barat,0,0,0,-2.668611,118.8622
1998,8100,Prov. Maluku,2117,10.63,2251,-3.7,128.1667
1998,8200,Prov. Maluku Utara,0,0,0,0.7833334,127.3667
1998,9100,Prov. Papua Barat,0,0,0,-0.8666667,134.0833
1998,9400,Prov. Papua,4064,8.92,3627,-2.533056,140.7169
1999,1100,Prov. Nanggroe Aceh Darussalam,9131,12.18,11124,5.55,95.31667
1999,1200,Prov. Sumatera Utara,22297,9.86,21986,3.583333,98.66666
1999,1300,Prov. Sumatera Barat,8130,11.08,9005,-0.95,100.3531
1999,1400,Prov. Riau,4737,8.63,4089,0.4816667,101.4686
1999,1500,Prov. Jambi,3614,9.83,3554,-1.589167,103.61
1999,1600,Prov. Sumatera Selatan,12338,11.15,13756,-2.990833,104.7567
1999,1700,Prov. Bengkulu,6216,9.9,6156,-3.795556,102.2592
1999,1800,Prov. Lampung,6956,10.73,7467,-5.429722,105.2625
1999,1900,Prov. Kepulauan Bangka Belitung,0,0,0,-2.1,106.1
1999,2100,Prov. Kepulauan Riau,0,0,0,1.083333,104.4833
1999,3100,Prov. DKI Jakarta,22,10,22,-6.183333,106.8333
1999,3200,Prov. Jawa Barat,88117,11.2,98661,-6.914722,107.6097
1999,3300,Prov. Jawa Tengah,126409,10.72,135522,-6.966667,110.4167
1999,3400,Prov. D I Yogyakarta,48814,9.64,47066,-7.801389,110.3644
1999,3500,Prov. Jawa Timur,159504,10.21,162885,-7.266667,112.7167
1999,3600,Prov. Banten,0,0,0,-6.12,106.1503
1999,5100,Prov. Bali,13873,11.83,16416,-8.65,115.2167
1999,5200,Prov. Nusa Tenggara Barat,21880,10.83,23690,-8.583333,116.1167
1999,5300,Prov. Nusa Tenggara Timur,12220,9.7,11848,-10.18333,123.5833
1999,6100,Prov. Kalimantan Barat,1745,9.41,1642,-0.0166667,109.3333
1999,6200,Prov. Kalimantan Tengah,2069,10.86,2246,-2.21,113.92
1999,6300,Prov. Kalimantan Selatan,15127,11.36,17180,-3.314444,114.5925
1999,6400,Prov. Kalimantan Timur,3635,9.78,3556,-0.5022222,117.1536
1999,7100,Prov. Sulawesi Utara,6416,10.31,6617,1.493056,124.8414
1999,7200,Prov. Sulawesi Tengah,6891,11.19,7710,-0.9,119.8333
1999,7300,Prov. Sulawesi Selatan,28913,11.64,33647,-5.133333,119.4167
1999,7400,Prov. Sulawesi Tenggara,8909,7.74,6897,-3.9675,122.5947
1999,7500,Prov. Gorontalo,0,0,0,0.5333334,123.0667
1999,7600,Prov. Sulawesi Barat,0,0,0,-2.668611,118.8622
1999,8100,Prov. Maluku,3220,10.84,3491,-3.7,128.1667
1999,8200,Prov. Maluku Utara,0,0,0,0.7833334,127.3667
1999,9100,Prov. Papua Barat,0,0,0,-0.8666667,134.0833
1999,9400,Prov. Papua,3797,8.83,3353,-2.533056,140.7169
2000,1100,Prov. Nanggroe Aceh Darussalam,7453,12.32,9179,5.55,95.31667
2000,1200,Prov. Sumatera Utara,22799,10.48,23901,3.583333,98.66666
2000,1300,Prov. Sumatera Barat,7807,10.99,8583,-0.95,100.3531
2000,1400,Prov. Riau,4159,9.33,3882,0.4816667,101.4686
2000,1500,Prov. Jambi,2394,10.22,0,-1.589167,103.61
2000,1600,Prov. Sumatera Selatan,7050,10.97,7731,-2.990833,104.7567
2000,1700,Prov. Bengkulu,5722,9.84,5628,-3.795556,102.2592
2000,1800,Prov. Lampung,9163,10.4,9532,-5.429722,105.2625
2000,1900,Prov. Kepulauan Bangka Belitung,0,0,0,-2.1,106.1
2000,2100,Prov. Kepulauan Riau,0,0,0,1.083333,104.4833
2000,3100,Prov. DKI Jakarta,34,10,34,-6.183333,106.8333
2000,3200,Prov. Jawa Barat,96616,11.32,109368,-6.914722,107.6097
2000,3300,Prov. Jawa Tengah,143558,11.15,160050,-6.966667,110.4167
2000,3400,Prov. D I Yogyakarta,54355,9.92,53918,-7.801389,110.3644
2000,3500,Prov. Jawa Timur,171265,10.52,180252,-7.266667,112.7167
2000,3600,Prov. Banten,0,0,0,-6.12,106.1503
2000,5100,Prov. Bali,12771,11.81,15086,-8.65,115.2167
2000,5200,Prov. Nusa Tenggara Barat,24605,11.18,27515,-8.583333,116.1167
2000,5300,Prov. Nusa Tenggara Timur,15317,9.8,15009,-10.18333,123.5833
2000,6100,Prov. Kalimantan Barat,1885,10.2,1923,-0.0166667,109.3333
2000,6200,Prov. Kalimantan Tengah,2847,10.46,2979,-2.21,113.92
2000,6300,Prov. Kalimantan Selatan,15969,10.63,16981,-3.314444,114.5925
2000,6400,Prov. Kalimantan Timur,2360,9.98,2356,-0.5022222,117.1536
2000,7100,Prov. Sulawesi Utara,7850,10.56,8291,1.493056,124.8414
2000,7200,Prov. Sulawesi Tengah,5599,10.91,6110,-0.9,119.8333
2000,7300,Prov. Sulawesi Selatan,41891,11.5,48156,-5.133333,119.4167
2000,7400,Prov. Sulawesi Tenggara,9763,8.3,8100,-3.9675,122.5947
2000,7500,Prov. Gorontalo,0,0,0,0.5333334,123.0667
2000,7600,Prov. Sulawesi Barat,0,0,0,-2.668611,118.8622
2000,8100,Prov. Maluku,1958,11.22,2197,-3.7,128.1667
2000,8200,Prov. Maluku Utara,0,0,0,0.7833334,127.3667
2000,9100,Prov. Papua Barat,0,0,0,-0.8666667,134.0833
2000,9400,Prov. Papua,8364,8.74,7310,-2.533056,140.7169
2001,1100,Prov. Nanggroe Aceh Darussalam,4355,11.59,5047,5.55,95.31667
2001,1200,Prov. Sumatera Utara,21130,10.64,22485,3.583333,98.66666
2001,1300,Prov. Sumatera Barat,7630,11.42,8712,-0.95,100.3531
2001,1400,Prov. Riau,3482,9.13,3180,0.4816667,101.4686
2001,1500,Prov. Jambi,2480,10.54,2614,-1.589167,103.61
2001,1600,Prov. Sumatera Selatan,5763,10.7,6167,-2.990833,104.7567
2001,1700,Prov. Bengkulu,5545,9.87,5472,-3.795556,102.2592
2001,1800,Prov. Lampung,12250,11.45,14022,-5.429722,105.2625
2001,1900,Prov. Kepulauan Bangka Belitung,313,10.64,333,-2.1,106.1
2001,2100,Prov. Kepulauan Riau,0,0,0,1.083333,104.4833
2001,3100,Prov. DKI Jakarta,20,10,20,-6.183333,106.8333
2001,3200,Prov. Jawa Barat,73305,11.74,86063,-6.914722,107.6097
2001,3300,Prov. Jawa Tengah,142428,11.32,161182,-6.966667,110.4167
2001,3400,Prov. D I Yogyakarta,58869,8.59,50552,-7.801389,110.3644
2001,3500,Prov. Jawa Timur,162857,10.86,176889,-7.266667,112.7167
2001,3600,Prov. Banten,13225,9.9,13097,-6.12,106.1503
2001,5100,Prov. Bali,12988,12.62,16394,-8.65,115.2167
2001,5200,Prov. Nusa Tenggara Barat,27350,11.19,30595,-8.583333,116.1167
2001,5300,Prov. Nusa Tenggara Timur,11677,9.68,11304,-10.18333,123.5833
2001,6100,Prov. Kalimantan Barat,1426,10.05,1433,-0.0166667,109.3333
2001,6200,Prov. Kalimantan Tengah,1869,10.4,1943,-2.21,113.92
2001,6300,Prov. Kalimantan Selatan,15033,11.1,16686,-3.314444,114.5925
2001,6400,Prov. Kalimantan Timur,2364,10.15,2400,-0.5022222,117.1536
2001,7100,Prov. Sulawesi Utara,5282,11.33,5982,1.493056,124.8414
2001,7200,Prov. Sulawesi Tengah,3190,11.48,3662,-0.9,119.8333
2001,7300,Prov. Sulawesi Selatan,36570,11.53,42156,-5.133333,119.4167
2001,7400,Prov. Sulawesi Tenggara,9548,8.03,7667,-3.9675,122.5947
2001,7500,Prov. Gorontalo,3202,11.33,3627,0.5333334,123.0667
2001,7600,Prov. Sulawesi Barat,0,0,0,-2.668611,118.8622
2001,8100,Prov. Maluku,2404,11.15,2681,-3.7,128.1667
2001,8200,Prov. Maluku Utara,0,0,0,0.7833334,127.3667
2001,9100,Prov. Papua Barat,0,0,0,-0.8666667,134.0833
2001,9400,Prov. Papua,8283,8.94,7405,-2.533056,140.7169
2002,1100,Prov. Nanggroe Aceh Darussalam,6190,11.92,7377,5.55,95.31667
2002,1200,Prov. Sumatera Utara,21432,10.87,23296,3.583333,98.66666
2002,1300,Prov. Sumatera Barat,7704,11.37,8757,-0.95,100.3531
2002,1400,Prov. Riau,4493,9.22,4142,0.4816667,101.4686
2002,1500,Prov. Jambi,1764,10.24,1807,-1.589167,103.61
2002,1600,Prov. Sumatera Selatan,5743,10.83,6218,-2.990833,104.7567
2002,1700,Prov. Bengkulu,6233,9.68,6035,-3.795556,102.2592
2002,1800,Prov. Lampung,8414,11.09,9331,-5.429722,105.2625
2002,1900,Prov. Kepulauan Bangka Belitung,274,10.44,286,-2.1,106.1
2002,2100,Prov. Kepulauan Riau,0,0,0,1.083333,104.4833
2002,3100,Prov. DKI Jakarta,22,10,22,-6.183333,106.8333
2002,3200,Prov. Jawa Barat,67406,12.83,86468,-6.914722,107.6097
2002,3300,Prov. Jawa Tengah,141537,10.64,150527,-6.966667,110.4167
2002,3400,Prov. D I Yogyakarta,61713,9.48,58482,-7.801389,110.3644
2002,3500,Prov. Jawa Timur,160342,11.73,188001,-7.266667,112.7167
2002,3600,Prov. Banten,13939,10.14,14136,-6.12,106.1503
2002,5100,Prov. Bali,13779,11.79,16251,-8.65,115.2167
2002,5200,Prov. Nusa Tenggara Barat,28175,11.44,32225,-8.583333,116.1167
2002,5300,Prov. Nusa Tenggara Timur,12909,10.55,13615,-10.18333,123.5833
2002,6100,Prov. Kalimantan Barat,2220,10.74,2385,-0.0166667,109.3333
2002,6200,Prov. Kalimantan Tengah,1454,10.83,1574,-2.21,113.92
2002,6300,Prov. Kalimantan Selatan,13835,12.2,16884,-3.314444,114.5925
2002,6400,Prov. Kalimantan Timur,2816,9.96,2805,-0.5022222,117.1536
2002,7100,Prov. Sulawesi Utara,3197,11.03,3525,1.493056,124.8414
2002,7200,Prov. Sulawesi Tengah,5465,11.26,6152,-0.9,119.8333
2002,7300,Prov. Sulawesi Selatan,39105,10.85,42415,-5.133333,119.4167
2002,7400,Prov. Sulawesi Tenggara,10588,8.06,8536,-3.9675,122.5947
2002,7500,Prov. Gorontalo,2014,11.56,2328,0.5333334,123.0667
2002,7600,Prov. Sulawesi Barat,0,0,0,-2.668611,118.8622
2002,8100,Prov. Maluku,972,11.49,1117,-3.7,128.1667
2002,8200,Prov. Maluku Utara,0,0,0,0.7833334,127.3667
2002,9100,Prov. Papua Barat,0,0,0,-0.8666667,134.0833
2002,9400,Prov. Papua,3218,10.48,3374,-2.533056,140.7169
2003,1100,Prov. Nanggroe Aceh Darussalam,14239,11.86,16887,5.55,95.31667
2003,1200,Prov. Sumatera Utara,22962,10.93,25097,3.583333,98.66666
2003,1300,Prov. Sumatera Barat,7017,11.15,7821,-0.95,100.3531
2003,1400,Prov. Riau,3642,9.23,3363,0.4816667,101.4686
2003,1500,Prov. Jambi,1836,10.86,1993,-1.589167,103.61
2003,1600,Prov. Sumatera Selatan,6503,11.81,7682,-2.990833,104.7567
2003,1700,Prov. Bengkulu,6239,9.68,6040,-3.795556,102.2592
2003,1800,Prov. Lampung,10921,11.02,12032,-5.429722,105.2625
2003,1900,Prov. Kepulauan Bangka Belitung,320,9.75,312,-2.1,106.1
2003,2100,Prov. Kepulauan Riau,0,0,0,1.083333,104.4833
2003,3100,Prov. DKI Jakarta,18,10,18,-6.183333,106.8333
2003,3200,Prov. Jawa Barat,67022,13.45,90170,-6.914722,107.6097
2003,3300,Prov. Jawa Tengah,147226,11.84,174332,-6.966667,110.4167
2003,3400,Prov. D I Yogyakarta,69803,8.28,57767,-7.801389,110.3644
2003,3500,Prov. Jawa Timur,165277,11.78,194676,-7.266667,112.7167
2003,3600,Prov. Banten,9668,12.68,12256,-6.12,106.1503
2003,5100,Prov. Bali,14234,12.96,18452,-8.65,115.2167
2003,5200,Prov. Nusa Tenggara Barat,34039,11.89,40489,-8.583333,116.1167
2003,5300,Prov. Nusa Tenggara Timur,13040,10.46,13637,-10.18333,123.5833
2003,6100,Prov. Kalimantan Barat,1690,10.97,1854,-0.0166667,109.3333
2003,6200,Prov. Kalimantan Tengah,1833,10.85,1989,-2.21,113.92
2003,6300,Prov. Kalimantan Selatan,13195,12.47,16455,-3.314444,114.5925
2003,6400,Prov. Kalimantan Timur,2355,9.99,2352,-0.5022222,117.1536
2003,7100,Prov. Sulawesi Utara,4363,10.73,4683,1.493056,124.8414
2003,7200,Prov. Sulawesi Tengah,5368,11.04,5924,-0.9,119.8333
2003,7300,Prov. Sulawesi Selatan,43385,12.16,52763,-5.133333,119.4167
2003,7400,Prov. Sulawesi Tenggara,8700,9.06,7883,-3.9675,122.5947
2003,7500,Prov. Gorontalo,3344,9.54,3189,0.5333334,123.0667
2003,7600,Prov. Sulawesi Barat,0,0,0,-2.668611,118.8622
2003,8100,Prov. Maluku,1360,10.97,1492,-3.7,128.1667
2003,8200,Prov. Maluku Utara,1547,11.3,1748,0.7833334,127.3667
2003,9100,Prov. Papua Barat,0,0,0,-0.8666667,134.0833
2003,9400,Prov. Papua,2391,9.08,2170,-2.533056,140.7169
2004,1100,Prov. Nanggroe Aceh Darussalam,12363,11.88,14687,5.55,95.31667
2004,1200,Prov. Sumatera Utara,26029,11.03,28708,3.583333,98.66666
2004,1300,Prov. Sumatera Barat,8275,12.02,9949,-0.95,100.3531
2004,1400,Prov. Riau,3554,9.42,3349,0.4816667,101.4686
2004,1500,Prov. Jambi,1996,11.12,2220,-1.589167,103.61
2004,1600,Prov. Sumatera Selatan,5461,13.16,7187,-2.990833,104.7567
2004,1700,Prov. Bengkulu,5852,9.94,5814,-3.795556,102.2592
2004,1800,Prov. Lampung,10464,10.92,11423,-5.429722,105.2625
2004,1900,Prov. Kepulauan Bangka Belitung,716,9.8,702,-2.1,106.1
2004,2100,Prov. Kepulauan Riau,0,0,0,1.083333,104.4833
2004,3100,Prov. DKI Jakarta,24,10,24,-6.183333,106.8333
2004,3200,Prov. Jawa Barat,72117,13.55,97724,-6.914722,107.6097
2004,3300,Prov. Jawa Tengah,155634,11.84,184316,-6.966667,110.4167
2004,3400,Prov. D I Yogyakarta,68010,8.98,61048,-7.801389,110.3644
2004,3500,Prov. Jawa Timur,180082,11.79,212325,-7.266667,112.7167
2004,3600,Prov. Banten,10487,13.11,13752,-6.12,106.1503
2004,5100,Prov. Bali,15179,12.69,19256,-8.65,115.2167
2004,5200,Prov. Nusa Tenggara Barat,41020,12,49226,-8.583333,116.1167
2004,5300,Prov. Nusa Tenggara Timur,17225,10.26,17680,-10.18333,123.5833
2004,6100,Prov. Kalimantan Barat,1755,11.35,1992,-0.0166667,109.3333
2004,6200,Prov. Kalimantan Tengah,2197,10.96,2409,-2.21,113.92
2004,6300,Prov. Kalimantan Selatan,14267,11.52,16440,-3.314444,114.5925
2004,6400,Prov. Kalimantan Timur,2341,10.71,2507,-0.5022222,117.1536
2004,7100,Prov. Sulawesi Utara,5132,10.82,5554,1.493056,124.8414
2004,7200,Prov. Sulawesi Tengah,6038,12.1,7307,-0.9,119.8333
2004,7300,Prov. Sulawesi Selatan,36726,11.22,41191,-5.133333,119.4167
2004,7400,Prov. Sulawesi Tenggara,8686,8.09,7026,-3.9675,122.5947
2004,7500,Prov. Gorontalo,4333,12.78,5536,0.5333334,123.0667
2004,7600,Prov. Sulawesi Barat,0,0,0,-2.668611,118.8622
2004,8100,Prov. Maluku,1665,11.27,1876,-3.7,128.1667
2004,8200,Prov. Maluku Utara,2786,11.71,3263,0.7833334,127.3667
2004,9100,Prov. Papua Barat,0,0,0,-0.8666667,134.0833
2004,9400,Prov. Papua,3020,9.95,3004,-2.533056,140.7169
2005,1100,Prov. Nanggroe Aceh Darussalam,12984,12.01,15597,5.55,95.31667
2005,1200,Prov. Sumatera Utara,19195,10.96,21042,3.583333,98.66666
2005,1300,Prov. Sumatera Barat,8433,12.45,10501,-0.95,100.3531
2005,1400,Prov. Riau,3749,9.41,3526,0.4816667,101.4686
2005,1500,Prov. Jambi,2000,11.58,2315,-1.589167,103.61
2005,1600,Prov. Sumatera Selatan,7328,13.31,9756,-2.990833,104.7567
2005,1700,Prov. Bengkulu,6844,9.94,6800,-3.795556,102.2592
2005,1800,Prov. Lampung,10857,10.72,11634,-5.429722,105.2625
2005,1900,Prov. Kepulauan Bangka Belitung,429,9.21,395,-2.1,106.1
2005,2100,Prov. Kepulauan Riau,117,8.97,105,1.083333,104.4833
2005,3100,Prov. DKI Jakarta,18,10,18,-6.183333,106.8333
2005,3200,Prov. Jawa Barat,71523,14.09,100775,-6.914722,107.6097
2005,3300,Prov. Jawa Tengah,155146,11.98,185797,-6.966667,110.4167
2005,3400,Prov. D I Yogyakarta,70362,8.57,60324,-7.801389,110.3644
2005,3500,Prov. Jawa Timur,180107,11.59,208749,-7.266667,112.7167
2005,3600,Prov. Banten,13284,13.44,17853,-6.12,106.1503
2005,5100,Prov. Bali,15183,13,19742,-8.65,115.2167
2005,5200,Prov. Nusa Tenggara Barat,35214,12.32,43397,-8.583333,116.1167
2005,5300,Prov. Nusa Tenggara Timur,14374,10.1,14519,-10.18333,123.5833
2005,6100,Prov. Kalimantan Barat,2492,11.02,2746,-0.0166667,109.3333
2005,6200,Prov. Kalimantan Tengah,1382,10.9,1506,-2.21,113.92
2005,6300,Prov. Kalimantan Selatan,14598,11.46,16735,-3.314444,114.5925
2005,6400,Prov. Kalimantan Timur,2098,10.81,2268,-0.5022222,117.1536
2005,7100,Prov. Sulawesi Utara,5668,11.06,6267,1.493056,124.8414
2005,7200,Prov. Sulawesi Tengah,6347,14.5,9201,-0.9,119.8333
2005,7300,Prov. Sulawesi Selatan,36043,10.85,39092,-5.133333,119.4167
2005,7400,Prov. Sulawesi Tenggara,8580,8.15,6995,-3.9675,122.5947
2005,7500,Prov. Gorontalo,4341,12.39,5378,0.5333334,123.0667
2005,7600,Prov. Sulawesi Barat,725,14.28,1035,-2.668611,118.8622
2005,8100,Prov. Maluku,2158,11.62,2508,-3.7,128.1667
2005,8200,Prov. Maluku Utara,4271,11.65,4976,0.7833334,127.3667
2005,9100,Prov. Papua Barat,2093,10.18,2131,-0.8666667,134.0833
2005,9400,Prov. Papua,2583,10.11,2612,-2.533056,140.7169
2006,1100,Prov. Nanggroe Aceh Darussalam,9249,11.99,11091,5.55,95.31667
2006,1200,Prov. Sumatera Utara,17991,11.18,20118,3.583333,98.66666
2006,1300,Prov. Sumatera Barat,8017,12.62,10116,-0.95,100.3531
2006,1400,Prov. Riau,3619,9.36,3387,0.4816667,101.4686
2006,1500,Prov. Jambi,2059,11.81,2431,-1.589167,103.61
2006,1600,Prov. Sumatera Selatan,8639,13.54,11696,-2.990833,104.7567
2006,1700,Prov. Bengkulu,7128,9.87,7038,-3.795556,102.2592
2006,1800,Prov. Lampung,10127,11.74,11888,-5.429722,105.2625
2006,1900,Prov. Kepulauan Bangka Belitung,558,9.41,525,-2.1,106.1
2006,2100,Prov. Kepulauan Riau,67,8.96,60,1.083333,104.4833
2006,3100,Prov. DKI Jakarta,26,10,26,-6.183333,106.8333
2006,3200,Prov. Jawa Barat,64653,14.2,91817,-6.914722,107.6097
2006,3300,Prov. Jawa Tengah,147677,12.13,179067,-6.966667,110.4167
2006,3400,Prov. D I Yogyakarta,68031,9.75,66359,-7.801389,110.3644
2006,3500,Prov. Jawa Timur,186302,11.75,218910,-7.266667,112.7167
2006,3600,Prov. Banten,14211,13.04,18535,-6.12,106.1503
2006,5100,Prov. Bali,13433,13.43,18040,-8.65,115.2167
2006,5200,Prov. Nusa Tenggara Barat,34860,12.61,43955,-8.583333,116.1167
2006,5300,Prov. Nusa Tenggara Timur,17356,10.27,17831,-10.18333,123.5833
2006,6100,Prov. Kalimantan Barat,2178,11.01,2397,-0.0166667,109.3333
2006,6200,Prov. Kalimantan Tengah,1863,11,2050,-2.21,113.92
2006,6300,Prov. Kalimantan Selatan,13900,11.34,15759,-3.314444,114.5925
2006,6400,Prov. Kalimantan Timur,1966,11.31,2223,-0.5022222,117.1536
2006,7100,Prov. Sulawesi Utara,5821,12.38,7205,1.493056,124.8414
2006,7200,Prov. Sulawesi Tengah,7271,14.33,10421,-0.9,119.8333
2006,7300,Prov. Sulawesi Selatan,36776,11.35,41759,-5.133333,119.4167
2006,7400,Prov. Sulawesi Tenggara,8227,8.21,6756,-3.9675,122.5947
2006,7500,Prov. Gorontalo,2460,11.63,2862,0.5333334,123.0667
2006,7600,Prov. Sulawesi Barat,395,13.7,541,-2.668611,118.8622
2006,8100,Prov. Maluku,2445,11.87,2902,-3.7,128.1667
2006,8200,Prov. Maluku Utara,4970,11.57,5750,0.7833334,127.3667
2006,9100,Prov. Papua Barat,1919,10.09,1936,-0.8666667,134.0833
2006,9400,Prov. Papua,2559,10.34,2645,-2.533056,140.7169
2007,1100,Prov. Nanggroe Aceh Darussalam,6582,12.11,7972,5.55,95.31667
2007,1200,Prov. Sumatera Utara,17694,11.49,20329,3.583333,98.66666
2007,1300,Prov. Sumatera Barat,7185,13.46,9671,-0.95,100.3531
2007,1400,Prov. Riau,3475,9.28,3225,0.4816667,101.4686
2007,1500,Prov. Jambi,2060,12.14,2501,-1.589167,103.61
2007,1600,Prov. Sumatera Selatan,5583,13.75,7676,-2.990833,104.7567
2007,1700,Prov. Bengkulu,5477,9.91,5430,-3.795556,102.2592
2007,1800,Prov. Lampung,10698,11.92,12756,-5.429722,105.2625
2007,1900,Prov. Kepulauan Bangka Belitung,612,9.28,568,-2.1,106.1
2007,2100,Prov. Kepulauan Riau,71,8.87,63,1.083333,104.4833
2007,3100,Prov. DKI Jakarta,18,10,18,-6.183333,106.8333
2007,3200,Prov. Jawa Barat,63922,14.3,91439,-6.914722,107.6097
2007,3300,Prov. Jawa Tengah,139250,12.53,174438,-6.966667,110.4167
2007,3400,Prov. D I Yogyakarta,66527,8.52,56667,-7.801389,110.3644
2007,3500,Prov. Jawa Timur,167324,11.77,196886,-7.266667,112.7167
2007,3600,Prov. Banten,13715,13.25,18171,-6.12,106.1503
2007,5100,Prov. Bali,13732,13.89,19077,-8.65,115.2167
2007,5200,Prov. Nusa Tenggara Barat,25488,12.91,32913,-8.583333,116.1167
2007,5300,Prov. Nusa Tenggara Timur,18517,11.53,21353,-10.18333,123.5833
2007,6100,Prov. Kalimantan Barat,1685,11.29,1902,-0.0166667,109.3333
2007,6200,Prov. Kalimantan Tengah,1537,11,1690,-2.21,113.92
2007,6300,Prov. Kalimantan Selatan,15843,11.5,18214,-3.314444,114.5925
2007,6400,Prov. Kalimantan Timur,2161,11.22,2425,-0.5022222,117.1536
2007,7100,Prov. Sulawesi Utara,5756,13.14,7562,1.493056,124.8414
2007,7200,Prov. Sulawesi Tengah,7312,14.78,10808,-0.9,119.8333
2007,7300,Prov. Sulawesi Selatan,34011,11.68,39740,-5.133333,119.4167
2007,7400,Prov. Sulawesi Tenggara,8696,8.77,7628,-3.9675,122.5947
2007,7500,Prov. Gorontalo,2591,12.88,3336,0.5333334,123.0667
2007,7600,Prov. Sulawesi Barat,552,14.08,777,-2.668611,118.8622
2007,8100,Prov. Maluku,2562,11.95,3061,-3.7,128.1667
2007,8200,Prov. Maluku Utara,5374,11.51,6186,0.7833334,127.3667
2007,9100,Prov. Papua Barat,1725,10.21,1762,-0.8666667,134.0833
2007,9400,Prov. Papua,2745,10.36,2845,-2.533056,140.7169
2008,1100,Prov. Nanggroe Aceh Darussalam,5214,12.13,6322,5.55,95.31667
2008,1200,Prov. Sumatera Utara,16626,11.62,19316,3.583333,98.66666
2008,1300,Prov. Sumatera Barat,7797,13.16,10260,-0.95,100.3531
2008,1400,Prov. Riau,2412,9.29,2240,0.4816667,101.4686
2008,1500,Prov. Jambi,1960,12.08,2367,-1.589167,103.61
2008,1600,Prov. Sumatera Selatan,5757,13.03,7499,-2.990833,104.7567
2008,1700,Prov. Bengkulu,4622,9.92,4585,-3.795556,102.2592
2008,1800,Prov. Lampung,10316,12.69,13088,-5.429722,105.2625
2008,1900,Prov. Kepulauan Bangka Belitung,463,9.11,422,-2.1,106.1
2008,2100,Prov. Kepulauan Riau,102,9.22,94,1.083333,104.4833
2008,3100,Prov. DKI Jakarta,17,10,17,-6.183333,106.8333
2008,3200,Prov. Jawa Barat,54103,14.51,78512,-6.914722,107.6097
2008,3300,Prov. Jawa Tengah,135270,12.67,171385,-6.966667,110.4167
2008,3400,Prov. D I Yogyakarta,64087,9.87,63240,-7.801389,110.3644
2008,3500,Prov. Jawa Timur,170437,11.87,202345,-7.266667,112.7167
2008,3600,Prov. Banten,12299,13.27,16319,-6.12,106.1503
2008,5100,Prov. Bali,12247,13.55,16592,-8.65,115.2167
2008,5200,Prov. Nusa Tenggara Barat,25541,12.67,32348,-8.583333,116.1167
2008,5300,Prov. Nusa Tenggara Timur,21894,11.73,25678,-10.18333,123.5833
2008,6100,Prov. Kalimantan Barat,1779,11.31,2012,-0.0166667,109.3333
2008,6200,Prov. Kalimantan Tengah,1282,11.05,1417,-2.21,113.92
2008,6300,Prov. Kalimantan Selatan,14161,11.63,16476,-3.314444,114.5925
2008,6400,Prov. Kalimantan Timur,2223,11.09,2465,-0.5022222,117.1536
2008,7100,Prov. Sulawesi Utara,6573,13.14,8640,1.493056,124.8414
2008,7200,Prov. Sulawesi Tengah,5231,16.74,8758,-0.9,119.8333
2008,7300,Prov. Sulawesi Selatan,30690,11.82,36269,-5.133333,119.4167
2008,7400,Prov. Sulawesi Tenggara,7781,8.92,6938,-3.9675,122.5947
2008,7500,Prov. Gorontalo,1878,9.85,1849,0.5333334,123.0667
2008,7600,Prov. Sulawesi Barat,528,14.09,744,-2.668611,118.8622
2008,8100,Prov. Maluku,2573,11.96,3077,-3.7,128.1667
2008,8200,Prov. Maluku Utara,4305,11.5,4951,0.7833334,127.3667
2008,9100,Prov. Papua Barat,958,10.21,978,-0.8666667,134.0833
2008,9400,Prov. Papua,2796,10.2,2851,-2.533056,140.7169
2009,1100,Prov. Nanggroe Aceh Darussalam,4707,12.59,5926,5.55,95.31667
2009,1200,Prov. Sumatera Utara,14294,11.73,16771,3.583333,98.66666
2009,1300,Prov. Sumatera Barat,7722,11.92,9207,-0.95,100.3531
2009,1400,Prov. Riau,2023,9.99,2020,0.4816667,101.4686
2009,1500,Prov. Jambi,1771,12.33,2184,-1.589167,103.61
2009,1600,Prov. Sumatera Selatan,4797,13.46,6459,-2.990833,104.7567
2009,1700,Prov. Bengkulu,3499,9.92,3472,-3.795556,102.2592
2009,1800,Prov. Lampung,8667,12.8,11090,-5.429722,105.2625
2009,1900,Prov. Kepulauan Bangka Belitung,405,9.56,387,-2.1,106.1
2009,2100,Prov. Kepulauan Riau,113,9.19,104,1.083333,104.4833
2009,3100,Prov. DKI Jakarta,9,10,9,-6.183333,106.8333
2009,3200,Prov. Jawa Barat,61498,14.55,89454,-6.914722,107.6097
2009,3300,Prov. Jawa Tengah,124178,13.08,162430,-6.966667,110.4167
2009,3400,Prov. D I Yogyakarta,62539,10.54,65893,-7.801389,110.3644
2009,3500,Prov. Jawa Timur,180557,11.99,216474,-7.266667,112.7167
2009,3600,Prov. Banten,12971,15.25,19782,-6.12,106.1503
2009,5100,Prov. Bali,11902,13.09,15583,-8.65,115.2167
2009,5200,Prov. Nusa Tenggara Barat,28750,13.43,38615,-8.583333,116.1167
2009,5300,Prov. Nusa Tenggara Timur,18396,12.21,22465,-10.18333,123.5833
2009,6100,Prov. Kalimantan Barat,1929,10.92,2107,-0.0166667,109.3333
2009,6200,Prov. Kalimantan Tengah,1225,11.14,1365,-2.21,113.92
2009,6300,Prov. Kalimantan Selatan,13051,11.66,15221,-3.314444,114.5925
2009,6400,Prov. Kalimantan Timur,2294,11.1,2547,-0.5022222,117.1536
2009,7100,Prov. Sulawesi Utara,6450,13.17,8493,1.493056,124.8414
2009,7200,Prov. Sulawesi Tengah,6207,16.47,10225,-0.9,119.8333
2009,7300,Prov. Sulawesi Selatan,25785,12.54,32331,-5.133333,119.4167
2009,7400,Prov. Sulawesi Tenggara,5999,8.48,5089,-3.9675,122.5947
2009,7500,Prov. Gorontalo,1646,10.05,1655,0.5333334,123.0667
2009,7600,Prov. Sulawesi Barat,711,14.08,1001,-2.668611,118.8622
2009,8100,Prov. Maluku,2618,11.97,3133,-3.7,128.1667
2009,8200,Prov. Maluku Utara,2766,11.5,3181,0.7833334,127.3667
2009,9100,Prov. Papua Barat,729,10.3,751,-0.8666667,134.0833
2009,9400,Prov. Papua,2408,10.23,2464,-2.533056,140.7169
2010,1100,Prov. Nanggroe Aceh Darussalam,5579,12.66,7063,5.55,95.31667
2010,1200,Prov. Sumatera Utara,14520,11.33,16449,3.583333,98.66666
2010,1300,Prov. Sumatera Barat,7280,12.59,9162,-0.95,100.3531
2010,1400,Prov. Riau,2188,9.17,2007,0.4816667,101.4686
2010,1500,Prov. Jambi,1468,12.14,1782,-1.589167,103.61
2010,1600,Prov. Sumatera Selatan,4632,13.19,6109,-2.990833,104.7567
2010,1700,Prov. Bengkulu,7030,10.32,7253,-3.795556,102.2592
2010,1800,Prov. Lampung,13967,12.61,17617,-5.429722,105.2625
2010,1900,Prov. Kepulauan Bangka Belitung,360,9.94,358,-2.1,106.1
2010,2100,Prov. Kepulauan Riau,156,9.23,144,1.083333,104.4833
2010,3100,Prov. DKI Jakarta,9,11.11,10,-6.183333,106.8333
2010,3200,Prov. Jawa Barat,67901,14.59,99058,-6.914722,107.6097
2010,3300,Prov. Jawa Tengah,119565,13.48,161222,-6.966667,110.4167
2010,3400,Prov. D I Yogyakarta,58780,10.02,58918,-7.801389,110.3644
2010,3500,Prov. Jawa Timur,172550,12.04,207796,-7.266667,112.7167
2010,3600,Prov. Banten,13862,14.7,20381,-6.12,106.1503
2010,5100,Prov. Bali,10397,11.14,11582,-8.65,115.2167
2010,5200,Prov. Nusa Tenggara Barat,25044,13.44,33666,-8.583333,116.1167
2010,5300,Prov. Nusa Tenggara Timur,16574,12.11,20069,-10.18333,123.5833
2010,6100,Prov. Kalimantan Barat,1863,11.41,2125,-0.0166667,109.3333
2010,6200,Prov. Kalimantan Tengah,924,11.17,1032,-2.21,113.92
2010,6300,Prov. Kalimantan Selatan,12270,11.77,14445,-3.314444,114.5925
2010,6400,Prov. Kalimantan Timur,2091,11.8,2468,-0.5022222,117.1536
2010,7100,Prov. Sulawesi Utara,6611,13.12,8671,1.493056,124.8414
2010,7200,Prov. Sulawesi Tengah,5071,16.61,8424,-0.9,119.8333
2010,7300,Prov. Sulawesi Selatan,30528,13.72,41898,-5.133333,119.4167
2010,7400,Prov. Sulawesi Tenggara,6918,7.14,4942,-3.9675,122.5947
2010,7500,Prov. Gorontalo,1873,12.07,2261,0.5333334,123.0667
2010,7600,Prov. Sulawesi Barat,1439,14.05,2022,-2.668611,118.8622
2010,8100,Prov. Maluku,2454,12.02,2950,-3.7,128.1667
2010,8200,Prov. Maluku Utara,3682,11.5,4235,0.7833334,127.3667
2010,9100,Prov. Papua Barat,540,10.52,568,-0.8666667,134.0833
2010,9400,Prov. Papua,2437,10.43,2541,-2.533056,140.7169
2011,1100,Prov. Nanggroe Aceh Darussalam,4999,12.35,6172,5.55,95.31667
2011,1200,Prov. Sumatera Utara,10773,10.3,11093,3.583333,98.66666
2011,1300,Prov. Sumatera Barat,7891,15.09,11908,-0.95,100.3531
2011,1400,Prov. Riau,1819,9.3,1692,0.4816667,101.4686
2011,1500,Prov. Jambi,1315,12.78,1680,-1.589167,103.61
2011,1600,Prov. Sumatera Selatan,3046,13,3960,-2.990833,104.7567
2011,1700,Prov. Bengkulu,6384,10.09,6444,-3.795556,102.2592
2011,1800,Prov. Lampung,10148,12.72,12911,-5.429722,105.2625
2011,1900,Prov. Kepulauan Bangka Belitung,342,9.91,339,-2.1,106.1
2011,2100,Prov. Kepulauan Riau,155,9.23,143,1.083333,104.4833
2011,3100,Prov. DKI Jakarta,7,10,7,-6.183333,106.8333
2011,3200,Prov. Jawa Barat,48641,15.15,73705,-6.914722,107.6097
2011,3300,Prov. Jawa Tengah,94662,12.92,122306,-6.966667,110.4167
2011,3400,Prov. D I Yogyakarta,59533,10.76,64084,-7.801389,110.3644
2011,3500,Prov. Jawa Timur,164921,12.82,211416,-7.266667,112.7167
2011,3600,Prov. Banten,10075,12.15,12246,-6.12,106.1503
2011,5100,Prov. Bali,9926,11.3,11212,-8.65,115.2167
2011,5200,Prov. Nusa Tenggara Barat,26319,14.42,37965,-8.583333,116.1167
2011,5300,Prov. Nusa Tenggara Timur,19395,12.21,23685,-10.18333,123.5833
2011,6100,Prov. Kalimantan Barat,1428,12.37,1767,-0.0166667,109.3333
2011,6200,Prov. Kalimantan Tengah,689,11.2,772,-2.21,113.92
2011,6300,Prov. Kalimantan Selatan,10073,12.09,12181,-3.314444,114.5925
2011,6400,Prov. Kalimantan Timur,1514,12,1817,-0.5022222,117.1536
2011,7100,Prov. Sulawesi Utara,6908,13.1,9049,1.493056,124.8414
2011,7200,Prov. Sulawesi Tengah,6362,16.52,10513,-0.9,119.8333
2011,7300,Prov. Sulawesi Selatan,15192,16.33,24808,-5.133333,119.4167
2011,7400,Prov. Sulawesi Tenggara,5887,7.71,4540,-3.9675,122.5947
2011,7500,Prov. Gorontalo,955,10.25,979,0.5333334,123.0667
2011,7600,Prov. Sulawesi Barat,873,14.09,1230,-2.668611,118.8622
2011,8100,Prov. Maluku,2222,12.78,2839,-3.7,128.1667
2011,8200,Prov. Maluku Utara,4430,11.5,5095,0.7833334,127.3667
2011,9100,Prov. Papua Barat,596,10.5,626,-0.8666667,134.0833
2011,9400,Prov. Papua,1979,10.64,2105,-2.533056,140.7169
2012,1100,Prov. Nanggroe Aceh Darussalam,5681,12.21,6934,5.55,95.31667
2012,1200,Prov. Sumatera Utara,10154,11.89,12074,3.583333,98.66666
2012,1300,Prov. Sumatera Barat,6819,14.07,9597,-0.95,100.3531
2012,1400,Prov. Riau,1723,9.41,1622,0.4816667,101.4686
2012,1500,Prov. Jambi,1203,12.76,1535,-1.589167,103.61
2012,1600,Prov. Sumatera Selatan,3129,12.98,4060,-2.990833,104.7567
2012,1700,Prov. Bengkulu,5403,10.74,5802,-3.795556,102.2592
2012,1800,Prov. Lampung,8420,12.7,10694,-5.429722,105.2625
2012,1900,Prov. Kepulauan Bangka Belitung,325,10,325,-2.1,106.1
2012,2100,Prov. Kepulauan Riau,174,9.43,164,1.083333,104.4833
2012,3100,Prov. DKI Jakarta,1,10,1,-6.183333,106.8333
2012,3200,Prov. Jawa Barat,53569,14.29,76574,-6.914722,107.6097
2012,3300,Prov. Jawa Tengah,105679,13.6,143687,-6.966667,110.4167
2012,3400,Prov. D I Yogyakarta,60725,10.36,62901,-7.801389,110.3644
2012,3500,Prov. Jawa Timur,163513,13.07,213792,-7.266667,112.7167
2012,3600,Prov. Banten,10727,10.9,11691,-6.12,106.1503
2012,5100,Prov. Bali,9572,12.14,11616,-8.65,115.2167
2012,5200,Prov. Nusa Tenggara Barat,25508,15.25,38890,-8.583333,116.1167
2012,5300,Prov. Nusa Tenggara Timur,19694,10.95,21563,-10.18333,123.5833
2012,6100,Prov. Kalimantan Barat,1383,12.02,1663,-0.0166667,109.3333
2012,6200,Prov. Kalimantan Tengah,687,11.22,771,-2.21,113.92
2012,6300,Prov. Kalimantan Selatan,10162,12.18,12377,-3.314444,114.5925
2012,6400,Prov. Kalimantan Timur,1479,12.23,1809,-0.5022222,117.1536
2012,7100,Prov. Sulawesi Utara,6293,13.11,8247,1.493056,124.8414
2012,7200,Prov. Sulawesi Tengah,6136,15.44,9473,-0.9,119.8333
2012,7300,Prov. Sulawesi Selatan,23351,11.73,27402,-5.133333,119.4167
2012,7400,Prov. Sulawesi Tenggara,7496,6.94,5199,-3.9675,122.5947
2012,7500,Prov. Gorontalo,1003,11.23,1126,0.5333334,123.0667
2012,7600,Prov. Sulawesi Barat,741,13.51,1001,-2.668611,118.8622
2012,8100,Prov. Maluku,1529,12.69,1941,-3.7,128.1667
2012,8200,Prov. Maluku Utara,4824,11.91,5745,0.7833334,127.3667
2012,9100,Prov. Papua Barat,445,10.94,487,-0.8666667,134.0833
2012,9400,Prov. Papua,1990,10.52,2094,-2.533056,140.7169
2013,1100,Prov. Nanggroe Aceh Darussalam,3105,12.38,3844,5.55,95.31667
2013,1200,Prov. Sumatera Utara,9377,12.11,11351,3.583333,98.66666
2013,1300,Prov. Sumatera Barat,5904,15.4,9093,-0.95,100.3531
2013,1400,Prov. Riau,1325,9.38,1243,0.4816667,101.4686
2013,1500,Prov. Jambi,1161,13.03,1513,-1.589167,103.61
2013,1600,Prov. Sumatera Selatan,2547,13.64,3475,-2.990833,104.7567
2013,1700,Prov. Bengkulu,4370,10.71,4679,-3.795556,102.2592
2013,1800,Prov. Lampung,8305,12.85,10676,-5.429722,105.2625
2013,1900,Prov. Kepulauan Bangka Belitung,341,10.47,357,-2.1,106.1
2013,2100,Prov. Kepulauan Riau,169,9.94,168,1.083333,104.4833
2013,3100,Prov. DKI Jakarta,0,0,0,-6.183333,106.8333
2013,3200,Prov. Jawa Barat,54346,16.85,91573,-6.914722,107.6097
2013,3300,Prov. Jawa Tengah,92454,13.85,128030,-6.966667,110.4167
2013,3400,Prov. D I Yogyakarta,65680,10.78,70834,-7.801389,110.3644
2013,3500,Prov. Jawa Timur,150017,13.86,207971,-7.266667,112.7167
2013,3600,Prov. Banten,9273,13.81,12810,-6.12,106.1503
2013,5100,Prov. Bali,8500,12.97,11024,-8.65,115.2167
2013,5200,Prov. Nusa Tenggara Barat,30772,13.61,41889,-8.583333,116.1167
2013,5300,Prov. Nusa Tenggara Timur,13880,11.57,16056,-10.18333,123.5833
2013,6100,Prov. Kalimantan Barat,1111,12,1333,-0.0166667,109.3333
2013,6200,Prov. Kalimantan Tengah,567,11.23,637,-2.21,113.92
2013,6300,Prov. Kalimantan Selatan,9148,12.28,11238,-3.314444,114.5925
2013,6400,Prov. Kalimantan Timur,1314,12.67,1665,-0.5022222,117.1536
2013,7100,Prov. Sulawesi Utara,6712,13.1,8795,1.493056,124.8414
2013,7200,Prov. Sulawesi Tengah,3953,18.4,7275,-0.9,119.8333
2013,7300,Prov. Sulawesi Selatan,18812,15.1,28408,-5.133333,119.4167
2013,7400,Prov. Sulawesi Tenggara,6547,7.55,4942,-3.9675,122.5947
2013,7500,Prov. Gorontalo,956,13.41,1282,0.5333334,123.0667
2013,7600,Prov. Sulawesi Barat,461,12.15,560,-2.668611,118.8622
2013,8100,Prov. Maluku,1264,11.28,1426,-3.7,128.1667
2013,8200,Prov. Maluku Utara,4069,11.69,4755,0.7833334,127.3667
2013,9100,Prov. Papua Barat,591,10.81,639,-0.8666667,134.0833
2013,9400,Prov. Papua,1951,10.48,2044,-2.533056,140.7169
